{
  "reportId" : "recording20201123_12_20_18",
  "reportType" : "SOFTWARE_FAILURE",
  "files" : [ {
    "path" : "summary.log",
    "size" : 2760,
    "mimeType" : "text/plain; charset=utf-8"
  }, {
    "path" : "files/system.environment.txt",
    "size" : 7067,
    "mimeType" : "text/plain; charset=utf-8"
  }, {
    "path" : "files/default.installation",
    "size" : 2314,
    "mimeType" : "application/x-gzip"
  }, {
    "path" : "files/polyscope.in.memory.program.urp",
    "size" : 529,
    "mimeType" : "application/x-gzip"
  }, {
    "path" : "files/program_execution.txt",
    "size" : 110,
    "mimeType" : "text/plain; charset=utf-8"
  }, {
    "path" : "files/urcontrol/URControl.log.0",
    "size" : 0,
    "mimeType" : "text/plain; charset=utf-8"
  }, {
    "path" : "files/Xorg.0.log",
    "size" : 53861,
    "mimeType" : "text/plain; charset=utf-8"
  }, {
    "path" : "files/kern.log",
    "size" : 777579,
    "mimeType" : "text/plain; charset=utf-8"
  }, {
    "path" : "files/global_variables.csv",
    "size" : 271,
    "mimeType" : "text/csv; charset=utf-8"
  }, {
    "path" : "files/histogram.properties",
    "size" : 2776,
    "mimeType" : "text/plain; charset=utf-8"
  }, {
    "path" : "files/polyscope.in.memory.program.script",
    "size" : 1561,
    "mimeType" : "text/plain; charset=utf-8"
  }, {
    "path" : "files/urcontrol/safety.conf",
    "size" : 3578,
    "mimeType" : "text/plain; charset=utf-8"
  }, {
    "path" : "files/df",
    "size" : 1280,
    "mimeType" : "text/plain; charset=utf-8"
  }, {
    "path" : "files/polyscope.log",
    "size" : 0,
    "mimeType" : "text/plain; charset=utf-8"
  }, {
    "path" : "files/127.0.0.1.urp",
    "size" : 529,
    "mimeType" : "application/x-gzip"
  }, {
    "path" : "files/ps",
    "size" : 93095,
    "mimeType" : "text/plain; charset=utf-8"
  }, {
    "path" : "files/log_history.txt",
    "size" : 180989,
    "mimeType" : "text/plain; charset=utf-8"
  }, {
    "path" : "files/polyscope.threads.txt",
    "size" : 4658,
    "mimeType" : "text/plain; charset=utf-8"
  }, {
    "path" : "files/urcontrol/urcontrol.conf",
    "size" : 1673,
    "mimeType" : "text/plain; charset=utf-8"
  }, {
    "path" : "files/default.variables",
    "size" : 33,
    "mimeType" : "text/plain; charset=utf-8"
  }, {
    "path" : "files/127.0.0.1.script",
    "size" : 1561,
    "mimeType" : "text/plain; charset=utf-8"
  } ]
}