{
  "reportId" : "recording20201123_13_56_44",
  "reportType" : "SOFTWARE_FAILURE",
  "files" : [ {
    "path" : "summary.log",
    "size" : 2731,
    "mimeType" : "text/plain; charset=utf-8"
  }, {
    "path" : "files/polyscope.threads.txt",
    "size" : 3090,
    "mimeType" : "text/plain; charset=utf-8"
  }, {
    "path" : "files/system.environment.txt",
    "size" : 7067,
    "mimeType" : "text/plain; charset=utf-8"
  }, {
    "path" : "files/default.variables",
    "size" : 33,
    "mimeType" : "text/plain; charset=utf-8"
  }, {
    "path" : "files/polyscope.log",
    "size" : 162954,
    "mimeType" : "text/plain; charset=utf-8"
  }, {
    "path" : "files/program_execution.txt",
    "size" : 33,
    "mimeType" : "text/plain; charset=utf-8"
  }, {
    "path" : "files/urcontrol/safety.conf",
    "size" : 3578,
    "mimeType" : "text/plain; charset=utf-8"
  }, {
    "path" : "files/kern.log",
    "size" : 789668,
    "mimeType" : "text/plain; charset=utf-8"
  }, {
    "path" : "files/urcontrol/URControl.log.0",
    "size" : 0,
    "mimeType" : "text/plain; charset=utf-8"
  }, {
    "path" : "files/df",
    "size" : 1280,
    "mimeType" : "text/plain; charset=utf-8"
  }, {
    "path" : "files/ps",
    "size" : 81960,
    "mimeType" : "text/plain; charset=utf-8"
  }, {
    "path" : "files/polyscope.in.memory.program.urp",
    "size" : 256,
    "mimeType" : "application/x-gzip"
  }, {
    "path" : "files/histogram.properties",
    "size" : 2774,
    "mimeType" : "text/plain; charset=utf-8"
  }, {
    "path" : "files/default.installation",
    "size" : 2314,
    "mimeType" : "application/x-gzip"
  }, {
    "path" : "files/Xorg.0.log",
    "size" : 64854,
    "mimeType" : "text/plain; charset=utf-8"
  }, {
    "path" : "files/global_variables.csv",
    "size" : 0,
    "mimeType" : "text/csv; charset=utf-8"
  }, {
    "path" : "files/log_history.txt",
    "size" : 181746,
    "mimeType" : "text/plain; charset=utf-8"
  }, {
    "path" : "files/urcontrol/urcontrol.conf",
    "size" : 1673,
    "mimeType" : "text/plain; charset=utf-8"
  } ]
}