{
  "reportId" : "recording20201123_11_27_53",
  "reportType" : "CONTROLLER_REPORTED_ERROR",
  "files" : [ {
    "path" : "summary.log",
    "size" : 2959,
    "mimeType" : "text/plain; charset=utf-8"
  }, {
    "path" : "files/global_variables.csv",
    "size" : 263,
    "mimeType" : "text/csv; charset=utf-8"
  }, {
    "path" : "files/system.environment.txt",
    "size" : 7067,
    "mimeType" : "text/plain; charset=utf-8"
  }, {
    "path" : "files/histogram.properties",
    "size" : 2754,
    "mimeType" : "text/plain; charset=utf-8"
  }, {
    "path" : "files/127.0.0.1.urp",
    "size" : 529,
    "mimeType" : "application/x-gzip"
  }, {
    "path" : "files/urcontrol/safety.conf",
    "size" : 3578,
    "mimeType" : "text/plain; charset=utf-8"
  }, {
    "path" : "files/polyscope.in.memory.program.script",
    "size" : 5705,
    "mimeType" : "text/plain; charset=utf-8"
  }, {
    "path" : "files/urcontrol/urcontrol.conf",
    "size" : 1673,
    "mimeType" : "text/plain; charset=utf-8"
  }, {
    "path" : "files/polyscope.in.memory.program.urp",
    "size" : 529,
    "mimeType" : "application/x-gzip"
  }, {
    "path" : "files/default.variables",
    "size" : 33,
    "mimeType" : "text/plain; charset=utf-8"
  }, {
    "path" : "files/df",
    "size" : 1280,
    "mimeType" : "text/plain; charset=utf-8"
  }, {
    "path" : "files/polyscope.threads.txt",
    "size" : 4726,
    "mimeType" : "text/plain; charset=utf-8"
  }, {
    "path" : "files/polyscope.log",
    "size" : 138297,
    "mimeType" : "text/plain; charset=utf-8"
  }, {
    "path" : "files/realtimedata.csv",
    "size" : 27013295,
    "mimeType" : "text/csv; charset=utf-8; header=present"
  }, {
    "path" : "files/ps",
    "size" : 106547,
    "mimeType" : "text/plain; charset=utf-8"
  }, {
    "path" : "files/log_history.txt",
    "size" : 176963,
    "mimeType" : "text/plain; charset=utf-8"
  }, {
    "path" : "files/urcontrol/URControl.log.0",
    "size" : 0,
    "mimeType" : "text/plain; charset=utf-8"
  }, {
    "path" : "files/kern.log",
    "size" : 770427,
    "mimeType" : "text/plain; charset=utf-8"
  }, {
    "path" : "files/default.installation",
    "size" : 2314,
    "mimeType" : "application/x-gzip"
  }, {
    "path" : "files/127.0.0.1.script",
    "size" : 1561,
    "mimeType" : "text/plain; charset=utf-8"
  }, {
    "path" : "files/program_execution.txt",
    "size" : 33,
    "mimeType" : "text/plain; charset=utf-8"
  }, {
    "path" : "files/Xorg.0.log",
    "size" : 53861,
    "mimeType" : "text/plain; charset=utf-8"
  } ]
}